{"mouth_aspect_ratio_threshold": 0.10714285714285715, "smile_deviations_sum_threshold": 0.025714285714285717}